id,name,represents,fusion_appearance,reference_status
solid-create-sketch,Create sketch,Starts a parametric sketch on a plane.,A dashed rectangular sketch plane carries a small green plus.,Supplied screenshot
solid-extrude,Extrude,Creates a solid by extending a closed sketch profile.,A blue rectangular prism projects from a pale profile plane.,Supplied screenshot
solid-revolve,Revolve,Creates a solid by rotating a profile about an axis.,A blue curved solid wraps around a pale vertical axis.,Supplied screenshot
solid-sweep,Sweep,Carries a profile along a path.,A blue bent block follows a curved route.,Supplied screenshot
solid-loft,Loft,Connects several profiles with a solid transition.,A blue tapered solid connects differently sized profiles.,Supplied screenshot
solid-rib,Rib,Creates a reinforcing rib from sketch geometry.,A pale triangular reinforcing web sits against a blue base.,Supplied screenshot
solid-web,Web,Creates thin reinforcing webs from sketch curves.,A framed rectangular panel contains a reinforcing web.,Supplied screenshot
solid-emboss,Emboss,Raises or recesses a profile on a face.,A slanted blue striped mark sits on a pale rounded face.,Supplied screenshot
solid-hole,Hole,Creates a parametrically defined drilled hole.,A blue square face contains a dark circular hole.,Supplied screenshot
solid-thread,Thread,Adds a thread definition to cylindrical geometry.,Several short pale-blue diagonal thread strokes form a stack.,Supplied screenshot
solid-box,Box,Creates a rectangular solid primitive.,A shaded blue cube shows three faces.,Supplied screenshot
solid-cylinder,Cylinder,Creates a cylindrical solid primitive.,A blue cylinder has an elliptical top and straight sides.,Supplied screenshot
solid-sphere,Sphere,Creates a spherical solid primitive.,A shaded blue circular sphere has a lighter highlight.,Supplied screenshot
solid-torus,Torus,Creates a ring-shaped solid primitive.,A blue elliptical ring contains a dark opening.,Supplied screenshot
solid-coil,Coil,Creates a helical solid feature.,A pale-blue zigzag helix forms a vertical stack.,Supplied screenshot
solid-pipe,Pipe,Creates a tubular solid along a path.,A short blue hollow tube runs diagonally.,Supplied screenshot
solid-rectangular-pattern,Rectangular pattern,Repeats selected features in a rectangular arrangement.,Four small square instances form a blue rectangular array.,https://help.autodesk.com/cloudhelp/ENU/Fusion-Model/files/SLD-PATTERNS.htm
solid-circular-pattern,Circular pattern,Repeats selected features around an axis.,Several small blue circles form a ring around a center.,https://help.autodesk.com/cloudhelp/ENU/Fusion-Model/files/SLD-PATTERNS.htm
solid-pattern-on-path,Pattern on path,Repeats selected features along a curve.,Small circular instances follow a dark curved path.,https://help.autodesk.com/cloudhelp/ENU/Fusion-Model/files/SLD-PATTERNS.htm
solid-mirror,Mirror,Reflects selected geometry across a plane.,Two pale triangular shapes sit on opposite sides of a vertical line.,Supplied screenshot
solid-thicken,Thicken,Adds thickness to a surface.,Two offset blue sheet-like faces suggest added thickness.,Supplied screenshot
solid-boundary-fill,Boundary fill,Creates bodies from enclosed cells between boundaries.,An orange circular region is divided by dark boundary lines.,Supplied screenshot
solid-gear,Gear,Creates a parametrically defined gear.,This Confusion command has no verified distinct Fusion glyph in the available references.,Custom command or alias; no verified dedicated counterpart
solid-press-pull,Press pull,Offsets a selected face or extrudes a selected profile.,A blue face on a pale block is accompanied by a small outward arrow.,Supplied screenshot
solid-fillet,Fillet,Rounds selected solid edges.,A pale block has a smoothly rounded blue corner.,Supplied screenshot
solid-chamfer,Chamfer,Bevels selected solid edges.,A pale block has a straight blue bevel across its corner.,Supplied screenshot
solid-shell,Shell,Hollows a body while retaining a specified wall thickness.,Nested blue and pale square outlines indicate a hollow block.,Supplied screenshot
solid-draft,Draft,Tilts selected faces relative to a pull direction.,A blue side face leans away from a pale block.,Supplied screenshot
solid-scale,Scale,Resizes selected geometry by scale factors.,Two differently sized blue and pale squares share a corner.,Supplied screenshot
solid-combine,Combine,"Joins, cuts or intersects selected bodies.",Two overlapping blue blocks suggest a merged solid.,Supplied screenshot
solid-offset-face,Offset face,Moves selected faces by a normal offset.,Two offset square outlines indicate parallel faces.,Supplied screenshot
solid-replace-face,Replace face,Replaces selected faces with another defining surface.,A blue upward arrow points toward a pale horizontal face.,Supplied screenshot
solid-split-body,Split body,Divides a solid with a cutting plane or surface.,A blue block is divided by a pale horizontal cutting sheet.,Supplied screenshot
solid-split-face,Split face,Divides a face into separately selectable regions.,Two pale face strips are separated by a blue horizontal division.,Supplied screenshot
solid-silhouette-split,Silhouette split,Splits faces along a projected silhouette.,A blue domed shape rests above a pale curved base.,Supplied screenshot
solid-move-copy,Move / copy,"Moves, rotates or copies selected geometry.",Four pale arrows point outward from a central cross.,Supplied screenshot
solid-align,Align,Aligns selected geometry using reference positions.,A blue L-shaped corner surrounds a pale horizontal line.,Supplied screenshot
solid-delete,Delete,Deletes a selected item and its applicable dependencies.,A red diagonal cross marks removal.,Supplied screenshot
solid-remove,Remove,Removes an item from the current construction.,A small blue left-pointing arrow sits beside a blue circular shape.,Supplied screenshot
solid-simplify,Simplify,Removes unnecessary geometric detail.,The supplied Fusion Modify menu shows Simplify as a text submenu with a right-facing chevron.,Supplied screenshot
solid-physical-material,Physical material,Assigns material properties to geometry.,A pale patterned sphere resembles a faceted material sample.,Supplied screenshot
solid-appearance,Appearance,Assigns visual surface appearance.,A circular color wheel contains several bright colored wedges.,Supplied screenshot
solid-manage-materials,Manage materials,Opens the local material library.,A small table-like panel contains colored material cells.,Supplied screenshot
solid-change-parameters,Change parameters,Edits named dimensional expressions.,The pale italic letters fx indicate expressions.,Supplied screenshot
solid-new-component,New component,Creates an organizational container for separate bodies.,Three small cube cells include a blue cell and an orange star or plus at the upper right.,https://help.autodesk.com/cloudhelp/ENU/Fusion-Sheet-Metal/files/CREATE-SHEET-METAL-COMPONENT.htm
solid-move-to-component,Move to component,Moves selected bodies into a component.,This Confusion command has no verified distinct Fusion glyph in the available references.,Custom command or alias; no verified dedicated counterpart
solid-organize-bodies,Organize bodies,Changes body grouping without joining their geometry.,This Confusion command has no verified distinct Fusion glyph in the available references.,Custom command or alias; no verified dedicated counterpart
solid-activate-component,Activate component,Makes a component the active editing context.,This Confusion command has no verified distinct Fusion glyph in the available references.,Custom command or alias; no verified dedicated counterpart
solid-duplicate-component,Duplicate component,Copies a component and its contained bodies.,This Confusion command has no verified distinct Fusion glyph in the available references.,Custom command or alias; no verified dedicated counterpart
solid-offset-plane,Offset plane,Creates the offset plane construction reference.,Two parallel upright plane tiles are shown with the offset plane orange.,https://help.autodesk.com/cloudhelp/ENU/Fusion-Model/files/SLD-CONSTRUCT-TOOLS.htm
solid-plane-at-angle,Plane at angle,Creates the plane at angle construction reference.,An orange plane tilts over a pale reference plane.,https://help.autodesk.com/cloudhelp/ENU/Fusion-Model/files/SLD-CONSTRUCT-TOOLS.htm
solid-tangent-plane,Tangent plane,Creates the tangent plane construction reference.,An orange plane touches a green circular or cylindrical outline.,https://help.autodesk.com/cloudhelp/ENU/Fusion-Model/files/SLD-CONSTRUCT-TOOLS.htm
solid-midplane,Midplane,Creates the midplane construction reference.,An orange central plane sits between two pale parallel planes.,https://help.autodesk.com/cloudhelp/ENU/Fusion-Model/files/SLD-CONSTRUCT-TOOLS.htm
solid-perpendicular-plane,Perpendicular plane,Creates the perpendicular plane construction reference.,The closest Fusion reference is an orange plane crossing a curved path in its Plane Along Path glyph.,https://help.autodesk.com/cloudhelp/ENU/Fusion-Model/files/SLD-CONSTRUCT-TOOLS.htm
solid-plane-through-two-edges,Plane through two edges,Creates the plane through two edges construction reference.,An orange plane passes through two crossing pale edge directions.,https://help.autodesk.com/cloudhelp/ENU/Fusion-Model/files/SLD-CONSTRUCT-TOOLS.htm
solid-plane-through-three-points,Plane through three points,Creates the plane through three points construction reference.,An orange plane tile is defined by three highlighted corner points.,https://help.autodesk.com/cloudhelp/ENU/Fusion-Model/files/SLD-CONSTRUCT-TOOLS.htm
solid-plane-along-path,Plane along path,Creates the plane along path construction reference.,An orange plane tile intersects a pale curved path.,https://help.autodesk.com/cloudhelp/ENU/Fusion-Model/files/SLD-CONSTRUCT-TOOLS.htm
solid-plane-through-cylinder-cone-torus,Plane through cylinder / cone / torus,Creates the plane through cylinder / cone / torus construction reference.,Fusion has an Axis Through Cylinder/Cone/Torus glyph but no matching plane command in its documented Construct list.,https://help.autodesk.com/cloudhelp/ENU/Fusion-Model/files/SLD-CONSTRUCT-TOOLS.htm
solid-axis-through-cylinder-cone-torus,Axis through cylinder / cone / torus,Creates the axis through cylinder / cone / torus construction reference.,An orange diagonal axis passes through a green cylindrical opening.,https://help.autodesk.com/cloudhelp/ENU/Fusion-Model/files/SLD-CONSTRUCT-TOOLS.htm
solid-axis-perpendicular-to-face,Axis perpendicular to face,Creates the axis perpendicular to face construction reference.,A green perpendicular arrow projects from a pale plane at a point.,https://help.autodesk.com/cloudhelp/ENU/Fusion-Model/files/SLD-CONSTRUCT-TOOLS.htm
solid-axis-through-two-points,Axis through two points,Creates the axis through two points construction reference.,A diagonal axis joins two highlighted points beside a pale reference face.,https://help.autodesk.com/cloudhelp/ENU/Fusion-Model/files/SLD-CONSTRUCT-TOOLS.htm
solid-axis-through-two-planes,Axis through two planes,Creates the axis through two planes construction reference.,An orange diagonal axis passes through intersecting green and pale planes.,https://help.autodesk.com/cloudhelp/ENU/Fusion-Model/files/SLD-CONSTRUCT-TOOLS.htm
solid-axis-through-edge,Axis through edge,Creates the axis through edge construction reference.,An orange diagonal axis aligns with an edge of a pale block.,https://help.autodesk.com/cloudhelp/ENU/Fusion-Model/files/SLD-CONSTRUCT-TOOLS.htm
solid-point-at-vertex,Point at vertex,Creates the point at vertex construction reference.,An orange cross-shaped point marker identifies a vertex.,https://help.autodesk.com/cloudhelp/ENU/Fusion-Model/files/SLD-CONSTRUCT-TOOLS.htm
solid-point-through-two-edges,Point through two edges,Creates the point through two edges construction reference.,Two crossing edges on a pale block meet at a highlighted point.,https://help.autodesk.com/cloudhelp/ENU/Fusion-Model/files/SLD-CONSTRUCT-TOOLS.htm
solid-point-through-three-planes,Point through three planes,Creates the point through three planes construction reference.,Three pale and green planes enclose a highlighted intersection point.,https://help.autodesk.com/cloudhelp/ENU/Fusion-Model/files/SLD-CONSTRUCT-TOOLS.htm
solid-point-at-circle-center,Point at circle center,Creates the point at circle center construction reference.,A green circular outline contains an orange center cross.,https://help.autodesk.com/cloudhelp/ENU/Fusion-Model/files/SLD-CONSTRUCT-TOOLS.htm
solid-point-at-edge-and-plane,Point at edge and plane,Creates the point at edge and plane construction reference.,A diagonal orange edge crosses a pale plane at a highlighted point.,https://help.autodesk.com/cloudhelp/ENU/Fusion-Model/files/SLD-CONSTRUCT-TOOLS.htm
solid-point-along-path,Point along path,Creates the point along path construction reference.,A pale curved path has highlighted points along its length.,https://help.autodesk.com/cloudhelp/ENU/Fusion-Model/files/SLD-CONSTRUCT-TOOLS.htm
solid-measure,Measure,Measures selected geometry.,A small ruler has a dark dimension bracket above orange tick marks.,https://help.autodesk.com/cloudhelp/ENU/Fusion-Model/files/SLD-INSPECT-TOOLS.htm
solid-section-analysis,Section analysis,Displays a section through model geometry.,A blue vertical section plane intersects a pale rectangular body outline.,https://help.autodesk.com/cloudhelp/ENU/Fusion-Model/files/SLD-INSPECT-TOOLS.htm
solid-interference,Interference,Finds overlapping volumes between bodies.,Two overlapping square outlines contain a red interference region.,https://help.autodesk.com/cloudhelp/ENU/Fusion-Model/files/SLD-INSPECT-TOOLS.htm
solid-center-of-mass,Center of mass,Displays the mass center of selected geometry.,A circle is quartered into alternating dark and light quadrants.,https://help.autodesk.com/cloudhelp/ENU/Fusion-Model/files/SLD-INSPECT-TOOLS.htm
solid-curvature-analysis,Curvature analysis,Visualizes curvature of faces or curves.,A curved arc carries a comb of short blue normal strokes.,https://help.autodesk.com/cloudhelp/ENU/Fusion-Model/files/SLD-INSPECT-TOOLS.htm
solid-draft-analysis,Draft analysis,Visualizes face angles relative to a pull direction.,A small rounded shape is divided into horizontal rainbow-colored bands.,https://help.autodesk.com/cloudhelp/ENU/Fusion-Model/files/SLD-INSPECT-TOOLS.htm
solid-validate-solid,Validate solid,Checks solid topology and geometric validity.,This Confusion command has no verified distinct Fusion glyph in the available references.,Custom command or alias; no verified dedicated counterpart
solid-import-step,Import STEP,Imports local STEP boundary-representation geometry.,Fusion handles STEP through its general file-open/import flow rather than a unique STEP-only glyph.,No dedicated format-specific counterpart
solid-import-stl,Import STL,Imports local STL triangle geometry.,A blue insertion arrow enters an orange faceted mesh cube.,https://help.autodesk.com/cloudhelp/ENU/Fusion-Model/files/SLD-INSERT-TOOLS.htm
solid-insert-image,Insert image,Places a local reference image.,A blue picture tile contains a pale mountain silhouette and a small sun.,https://help.autodesk.com/cloudhelp/ENU/Fusion-Model/files/SLD-INSERT-CANVAS.htm
solid-insert-design,Insert design,Inserts a local design as referenced geometry.,A blue insertion arrow points into a pale document or component outline with a small chain link.,https://help.autodesk.com/cloudhelp/ENU/Fusion-Model/files/SLD-INSERT-TOOLS.htm
solid-select,Select,Selects items in the active workspace.,A pale mouse-pointer arrow represents selection.,Supplied screenshot
solid-select-all,Select all,Selects all eligible items.,Fusion exposes Select All as a named selection command rather than a uniquely identifiable glyph in these references.,No verified dedicated counterpart
solid-selection-filters,Selection filters,Controls which entity types can be selected.,Fusion exposes entity-type selection filters as named menu options rather than a unique icon per filter.,No verified dedicated counterpart
solid-select-body,Select body,Restricts selection to entire bodies.,This Confusion command has no verified distinct Fusion glyph in the available references.,Custom command or alias; no verified dedicated counterpart
solid-select-component,Select component,Restricts selection to component containers.,This Confusion command has no verified distinct Fusion glyph in the available references.,Custom command or alias; no verified dedicated counterpart
sketch-line,Line,Draws a straight sketch segment.,A short blue line or polyline has small endpoint dots.,https://help.autodesk.com/cloudhelp/ENU/Fusion-GenerativeDesign/files/GD-SKETCH-TOOLS.htm
sketch-rectangle,Rectangle,Draws a rectangle from opposite corners.,A blue rectangular outline has highlighted opposite corners.,https://help.autodesk.com/cloudhelp/ENU/Fusion-GenerativeDesign/files/GD-SKETCH-TOOLS.htm
sketch-center-rectangle,Center rectangle,Draws a rectangle about a center point.,A rectangular outline contains a central point and highlighted outer corner.,https://help.autodesk.com/cloudhelp/ENU/Fusion-GenerativeDesign/files/GD-SKETCH-TOOLS.htm
sketch-circle,Circle,Draws a circle from center and radius.,A circular outline contains a diagonal blue diameter and center point.,https://help.autodesk.com/cloudhelp/ENU/Fusion-GenerativeDesign/files/GD-SKETCH-TOOLS.htm
sketch-two-point-circle,Two-point circle,Draws a circle using two diameter endpoints.,A circular outline has two highlighted diameter endpoints.,https://help.autodesk.com/cloudhelp/ENU/Fusion-GenerativeDesign/files/GD-SKETCH-TOOLS.htm
sketch-three-point-circle,Three-point circle,Draws a circle through three points.,A circular outline has three highlighted points on its circumference.,https://help.autodesk.com/cloudhelp/ENU/Fusion-GenerativeDesign/files/GD-SKETCH-TOOLS.htm
sketch-arc,Arc,Draws a circular arc using three points.,A short blue curved arc has three defining points.,https://help.autodesk.com/cloudhelp/ENU/Fusion-GenerativeDesign/files/GD-SKETCH-TOOLS.htm
sketch-center-arc,Center arc,Draws an arc about a center point.,A blue arc is accompanied by two radial lines and a center point.,https://help.autodesk.com/cloudhelp/ENU/Fusion-GenerativeDesign/files/GD-SKETCH-TOOLS.htm
sketch-tangent-arc,Tangent arc,Draws an arc tangent to existing geometry.,A short blue arc continues from an adjoining tangent segment.,https://help.autodesk.com/cloudhelp/ENU/Fusion-GenerativeDesign/files/GD-SKETCH-TOOLS.htm
sketch-ellipse,Ellipse,Draws an ellipse using its principal axes.,A flattened oval contains center and axis-point markings.,https://help.autodesk.com/cloudhelp/ENU/Fusion-GenerativeDesign/files/GD-SKETCH-TOOLS.htm
sketch-polygon,Polygon,Draws a regular closed polygon.,A small regular polygon surrounds a circle or highlighted defining points.,https://help.autodesk.com/cloudhelp/ENU/Fusion-GenerativeDesign/files/GD-SKETCH-TOOLS.htm
sketch-slot,Slot,Draws a closed slot profile with rounded ends.,A narrow rounded capsule outline contains defining center points.,https://help.autodesk.com/cloudhelp/ENU/Fusion-GenerativeDesign/files/GD-SKETCH-TOOLS.htm
sketch-spline,Spline,Draws a smooth curve through control or fit points.,A blue undulating curve passes through several fit-point dots.,https://help.autodesk.com/cloudhelp/ENU/Fusion-GenerativeDesign/files/GD-SKETCH-TOOLS.htm
sketch-point,Point,Places a sketch reference point.,A small dark crosshair marks a sketch point.,https://help.autodesk.com/cloudhelp/ENU/Fusion-GenerativeDesign/files/GD-SKETCH-TOOLS.htm
sketch-text,Text,Creates sketch text geometry.,A bold capital A represents sketch text.,https://help.autodesk.com/cloudhelp/ENU/Fusion-Sketch/files/SKT-SKETCH-CREATE-TEXT.htm
sketch-project-geometry,Project geometry,Projects model edges into the sketch plane.,Two slanted plane outlines show geometry projected from one plane to another.,https://help.autodesk.com/cloudhelp/ENU/Fusion-Sketch/files/SKT-SKETCH-CREATE-PROJECT-INCLUDE.htm
sketch-intersect-geometry,Intersect geometry,Creates sketch curves at intersections with model geometry.,Two overlapping slanted plane outlines indicate their intersection.,https://help.autodesk.com/cloudhelp/ENU/Fusion-Sketch/files/SKT-SKETCH-CREATE-PROJECT-INCLUDE.htm
sketch-include-3d-geometry,Include 3D geometry,References spatial geometry in a sketch.,A pale blue-topped block has a highlighted reference point or edge.,https://help.autodesk.com/cloudhelp/ENU/Fusion-Sketch/files/SKT-SKETCH-CREATE-PROJECT-INCLUDE.htm
sketch-sketch-fillet,Sketch fillet,Rounds the junction between sketch segments.,A blue rounded corner joins two short straight line segments.,https://help.autodesk.com/cloudhelp/ENU/Fusion-GenerativeDesign/files/GD-SKETCH-TOOLS.htm
sketch-trim,Trim,Removes a sketch portion between intersections.,A small scissors silhouette sits over a short blue sketch segment.,https://help.autodesk.com/cloudhelp/ENU/Fusion-GenerativeDesign/files/GD-SKETCH-TOOLS.htm
sketch-extend,Extend,Extends a sketch curve to another boundary.,A short line with an arrow extends toward a perpendicular boundary.,https://help.autodesk.com/cloudhelp/ENU/Fusion-GenerativeDesign/files/GD-SKETCH-TOOLS.htm
sketch-break,Break,Splits a sketch curve at a chosen point.,A blue horizontal segment is split by a small vertical interruption.,https://help.autodesk.com/cloudhelp/ENU/Fusion-GenerativeDesign/files/GD-SKETCH-TOOLS.htm
sketch-offset,Offset,Creates a parallel sketch curve at a distance.,Two nested blue open curves depict a parallel offset.,https://help.autodesk.com/cloudhelp/ENU/Fusion-GenerativeDesign/files/GD-SKETCH-TOOLS.htm
sketch-move-copy-sketch,Move / copy sketch,Moves or copies selected sketch geometry.,Four dark arrows point outward from a central cross.,https://help.autodesk.com/cloudhelp/ENU/Fusion-GenerativeDesign/files/GD-SKETCH-TOOLS.htm
sketch-mirror-sketch,Mirror sketch,Reflects sketch geometry across a line.,Two triangular profiles flank a vertical mirror line.,https://help.autodesk.com/cloudhelp/ENU/Fusion-GenerativeDesign/files/GD-SKETCH-TOOLS.htm
sketch-rectangular-sketch-pattern,Rectangular sketch pattern,Repeats sketch geometry along rectangular directions.,Four small blue squares form a rectangular array.,https://help.autodesk.com/cloudhelp/ENU/Fusion-GenerativeDesign/files/GD-SKETCH-TOOLS.htm
sketch-circular-sketch-pattern,Circular sketch pattern,Repeats sketch geometry around a center.,Small blue circles form a ring around a center.,https://help.autodesk.com/cloudhelp/ENU/Fusion-GenerativeDesign/files/GD-SKETCH-TOOLS.htm
sketch-scale-sketch,Scale sketch,Resizes selected sketch geometry.,A larger blue square and smaller pale square share a corner.,https://help.autodesk.com/cloudhelp/ENU/Fusion-GenerativeDesign/files/GD-SKETCH-TOOLS.htm
sketch-delete-geometry,Delete geometry,Deletes selected sketch entities.,A red diagonal cross represents the Delete command.,Supplied screenshot
sketch-horizontal,Horizontal,Constrains a line to the horizontal sketch direction.,A red right-angle horizontal/vertical constraint glyph combines small horizontal and vertical strokes.,https://help.autodesk.com/cloudhelp/ENU/Fusion-Sketch/files/SKT-CONSTRAINTS.htm
sketch-vertical,Vertical,Constrains a line to the vertical sketch direction.,Fusion shares the same red horizontal/vertical constraint glyph for the nearest axis.,https://help.autodesk.com/cloudhelp/ENU/Fusion-Sketch/files/SKT-CONSTRAINTS.htm
sketch-fix-point,Fix point,Locks a sketch point at its current position.,A small red padlock represents Fix/Unfix.,https://help.autodesk.com/cloudhelp/ENU/Fusion-Sketch/files/SKT-CONSTRAINTS.htm
sketch-coincident,Coincident,Constrains points or a point and curve to meet.,Two perpendicular lines meet at a highlighted red point.,https://help.autodesk.com/cloudhelp/ENU/Fusion-Sketch/files/SKT-CONSTRAINTS.htm
sketch-collinear,Collinear,Constrains lines to lie on the same infinite line.,Two short aligned line segments meet across a highlighted point.,https://help.autodesk.com/cloudhelp/ENU/Fusion-Sketch/files/SKT-CONSTRAINTS.htm
sketch-concentric,Concentric,Constrains circles or arcs to share a center.,A red circle sits concentrically inside a dark circle.,https://help.autodesk.com/cloudhelp/ENU/Fusion-Sketch/files/SKT-CONSTRAINTS.htm
sketch-parallel,Parallel,Constrains lines to have the same direction.,"Two short diagonal strokes run parallel, with one highlighted red.",https://help.autodesk.com/cloudhelp/ENU/Fusion-Sketch/files/SKT-CONSTRAINTS.htm
sketch-perpendicular,Perpendicular,Constrains lines to meet at a right angle.,"Two short strokes meet at a right angle, with one highlighted red.",https://help.autodesk.com/cloudhelp/ENU/Fusion-Sketch/files/SKT-CONSTRAINTS.htm
sketch-tangent,Tangent,Constrains a curve and another entity to meet tangentially.,A red circle touches a dark sloping line.,https://help.autodesk.com/cloudhelp/ENU/Fusion-Sketch/files/SKT-CONSTRAINTS.htm
sketch-equal,Equal,Constrains compatible entities to share a size.,"Two short horizontal bars form an equals sign, with the upper bar red.",https://help.autodesk.com/cloudhelp/ENU/Fusion-Sketch/files/SKT-CONSTRAINTS.htm
sketch-symmetry,Symmetry,Constrains entities symmetrically about a reference.,Opposing brackets flank a red dashed vertical centerline.,https://help.autodesk.com/cloudhelp/ENU/Fusion-Sketch/files/SKT-CONSTRAINTS.htm
sketch-midpoint,Midpoint,Constrains a point to the midpoint of a segment.,A small red triangle represents the midpoint relation.,https://help.autodesk.com/cloudhelp/ENU/Fusion-Sketch/files/SKT-CONSTRAINTS.htm
sketch-dimension,Dimension,Sets a driving sketch length or other dimension.,A horizontal dimension line spans between two upright extension lines.,https://help.autodesk.com/cloudhelp/ENU/Fusion-GenerativeDesign/files/GD-SKETCH-TOOLS.htm
sketch-sketch-dimensions,Sketch dimensions,Shows or edits sketch dimensional constraints.,A horizontal dimension line spans between two upright extension lines.,https://help.autodesk.com/cloudhelp/ENU/Fusion-GenerativeDesign/files/GD-SKETCH-TOOLS.htm
sketch-sketch-parameters,Sketch parameters,Edits parameters that drive the sketch.,This Confusion command has no verified distinct Fusion glyph in the available references.,Custom command or alias; no verified dedicated counterpart
sketch-measure-sketch,Measure sketch,Measures selected sketch entities.,A horizontal dimension line spans between two upright extension lines.,https://help.autodesk.com/cloudhelp/ENU/Fusion-GenerativeDesign/files/GD-SKETCH-TOOLS.htm
sketch-finish-sketch,Finish sketch,Ends sketch editing and returns to the model workspace.,A white checkmark sits inside a bright green circle.,https://help.autodesk.com/cloudhelp/ENU/Fusion-Sketch/files/SKT-FINISH-SKETCH.htm
drawing-base-view,Base view,Places the primary model view on a drawing sheet.,A blue filled square sits inside a dashed frame with horizontal and vertical sizing arrows.,https://help.autodesk.com/cloudhelp/ENU/Fusion-Drawing/files/GUID-7B57F2B8-410C-464D-B27E-EE3F1B1F43FE.htm
drawing-projected-view,Projected view,Places a view projected from an existing drawing view.,A blue top view sits above a dark stepped profile with dashed projection lines.,https://help.autodesk.com/cloudhelp/ENU/Fusion-Drawing/files/GUID-CD46E4F6-88EB-4C89-8A32-87B71F210D69.htm
drawing-section-view,Section view,Places a view of geometry cut by a section line.,A dark bracket-like profile is separated from a blue cut face by an upward cutting arrow.,https://help.autodesk.com/cloudhelp/ENU/Fusion-Drawing/files/GUID-02A9A02A-B020-4BC3-A818-88BE5DFA6491.htm
drawing-detail-view,Detail view,Places an enlarged view of a selected drawing region.,A circular magnified region labeled A surrounds a small blue detail.,https://help.autodesk.com/cloudhelp/ENU/Fusion-Drawing/files/GUID-D80AF4A8-CC80-4882-B3A0-23258196484B.htm
drawing-auxiliary-view,Auxiliary view,Places a view perpendicular to an inclined reference.,A small tilted blue model face sits above a dark projected outline.,https://help.autodesk.com/cloudhelp/ENU/Fusion-Drawing/files/DWG-CREATE-AUXILIARY-VIEW.htm
drawing-break-view,Break view,Shortens a drawing view using break lines.,Two blue vertical end strips flank a interrupted central outline.,https://help.autodesk.com/cloudhelp/ENU/Fusion-Drawing/files/DWG-REF-BREAK-VIEW.htm
drawing-drawing-dimension,Drawing dimension,Places an associative dimension in a drawing.,A dimension line and extension strokes include a small orange automatic-dimension mark.,https://help.autodesk.com/cloudhelp/ENU/Fusion-Drawing/files/DWG-DIMENSIONS.htm
drawing-aligned-dimension,Aligned dimension,Dimensions the true distance along an inclined direction.,A blue diagonal dimension line has perpendicular endpoint ticks.,https://help.autodesk.com/cloudhelp/ENU/Fusion-Drawing/files/DWG-DIMENSIONS.htm
drawing-angular-dimension,Angular dimension,Dimensions an angle between drawing entities.,A blue angle arc spans two intersecting dark rays.,https://help.autodesk.com/cloudhelp/ENU/Fusion-Drawing/files/DWG-DIMENSIONS.htm
drawing-diameter-dimension,Diameter dimension,Dimensions the diameter of a circular feature.,A circular outline has a diagonal dimension arrow passing across its diameter.,https://help.autodesk.com/cloudhelp/ENU/Fusion-Drawing/files/DWG-DIMENSIONS.htm
drawing-radius-dimension,Radius dimension,Dimensions the radius of an arc or circle.,A circular outline has a blue radial leader from its center.,https://help.autodesk.com/cloudhelp/ENU/Fusion-Drawing/files/DWG-DIMENSIONS.htm
drawing-ordinate-dimension,Ordinate dimension,Dimensions coordinates relative to a datum.,A blue right-angle coordinate indicator is labeled with X and Y.,https://help.autodesk.com/cloudhelp/ENU/Fusion-Drawing/files/DWG-DIMENSIONS.htm
drawing-center-mark,Center mark,Marks the center of a circular drawing feature.,A blue crosshair overlays a dark circular outline.,https://help.autodesk.com/cloudhelp/ENU/Fusion-Drawing/files/GUID-1A67B648-E351-4E59-B587-CA8C5C541BC5.htm
drawing-centerline,Centerline,Adds a centerline through symmetric or cylindrical geometry.,A blue dashed diagonal centerline lies between two parallel dark edge segments.,https://help.autodesk.com/cloudhelp/ENU/Fusion-Drawing/files/DWG-ADD-CENTERLINE.htm
drawing-hole-thread-note,Hole / thread note,Adds a hole or thread specification.,A small note panel has compact text strokes and a leader attachment.,https://help.autodesk.com/cloudhelp/ENU/Fusion-Drawing/files/DWG-NOTES.htm
drawing-leader-note,Leader note,Adds text attached to a leader arrow.,A slanted leader arrow points from a small letter A.,https://help.autodesk.com/cloudhelp/ENU/Fusion-Drawing/files/DWG-NOTES.htm
drawing-surface-texture,Surface texture,Adds a surface-finish specification.,An angular checkmark-like surface-finish symbol has a short upper horizontal bar.,https://help.autodesk.com/cloudhelp/ENU/Fusion-Drawing/files/DWG-SYMBOLS.htm
drawing-feature-control-frame,Feature control frame,Adds a geometric-tolerance frame.,A small divided rectangular tolerance frame contains geometric symbols.,https://help.autodesk.com/cloudhelp/ENU/Fusion-Drawing/files/DWG-SYMBOLS.htm
drawing-datum,Datum,Adds a datum identifier.,A boxed letter A sits above a triangular datum attachment.,https://help.autodesk.com/cloudhelp/ENU/Fusion-Drawing/files/DWG-SYMBOLS.htm
drawing-revision-cloud,Revision cloud,Marks a revised region with a cloud outline.,A dark irregular cloud outline is made from small connected arcs.,https://help.autodesk.com/cloudhelp/ENU/Fusion-Drawing/files/DWG-CREATE-REV-CLOUD.htm
drawing-new-sheet,New sheet,Creates another drawing sheet.,A small plus on the sheet controls adds another sheet.,Common Fusion UI convention; verify exact artwork
drawing-sheet-settings,Sheet settings,Edits paper size and sheet properties.,A dark cogwheel contains a small central circle.,https://help.autodesk.com/cloudhelp/ENU/Fusion-Drawing/files/DWG-REF-DOCUMENT-SETTINGS.htm
drawing-title-block,Title block,Edits drawing identification and title fields.,A pale drawing-sheet outline contains a small blue rectangular title-block region at the lower right.,https://help.autodesk.com/cloudhelp/ENU/Fusion-Drawing/images/icon/browser/title-block.png
drawing-parts-list,Parts list,Places a component list on the drawing.,A dark table grid has small blue row marks beside its left edge.,https://help.autodesk.com/cloudhelp/ENU/Fusion-Drawing/files/DWG-CREATE-PARTS-LIST.htm
drawing-balloon,Balloon,Labels a component with a numbered callout.,A circular callout containing the number 1 connects to a short leader.,https://help.autodesk.com/cloudhelp/ENU/Fusion-Drawing/files/DWG-CREATE-BALLOON.htm
drawing-revision-table,Revision table,Places a revision record table.,A dark table grid has three small blue revision triangles beside it.,https://help.autodesk.com/cloudhelp/ENU/Fusion-Drawing/files/DWG-REF-TABLE-DIALOG.htm
drawing-export-drawing-pdf,Export drawing PDF,Exports local drawing sheets as PDF.,A folded-corner document carries a blue outward arrow and a red PDF label.,https://help.autodesk.com/cloudhelp/ENU/Fusion-Drawing/files/DWG-EXPORT-PDF.htm
drawing-export-drawing-dxf,Export drawing DXF,Exports local drawing geometry as DXF.,A folded-corner document carries a blue outward arrow and a dark DXF label.,https://help.autodesk.com/cloudhelp/ENU/Fusion-Drawing/files/DWG-EXPORT-DXF.htm
drawing-print-drawing,Print drawing,Prints the active drawing sheet.,The exact Fusion Print glyph is unverified; a conventional printer silhouette is the provisional reference.,Needs Fusion visual reference
drawing-select-drawing,Select drawing,Selects drawing views and annotations.,This Confusion command has no verified distinct Fusion glyph in the available references.,Custom command or alias; no verified dedicated counterpart
new-design,New design,Creates an empty design in a new document tab.,A white document with a small plus represents a new design.,Common Fusion UI reference; verify artwork before drawing
open-design,Open design,Opens a local design in its own document tab.,A folder symbol represents opening a document.,Common Fusion UI reference; verify artwork before drawing
save-design,Save design,Saves the current design to a local file.,A floppy-disk silhouette represents saving.,Common Fusion UI reference; verify artwork before drawing
export-step,Export STEP,Exports the current exact solid as a STEP file.,Fusion exposes STEP as a named export format rather than a distinct command icon.,Common Fusion UI reference; verify artwork before drawing
export-stl,Export STL,Exports the current geometry as an STL file.,Fusion exposes STL through mesh export rather than a distinct STL glyph.,Common Fusion UI reference; verify artwork before drawing
undo,Undo,Reverts the latest in-memory edit in the active document.,A curved arrow points left.,Common Fusion UI reference; verify artwork before drawing
redo,Redo,Reapplies the latest undone edit in the active document.,A curved arrow points right.,Common Fusion UI reference; verify artwork before drawing
close-tab,Close tab,Closes the selected document tab.,A small diagonal cross appears on the document tab.,Common Fusion UI reference; verify artwork before drawing
add-tab,Add tab,Creates another open design tab.,A small plus appears beside the document tabs.,Common Fusion UI reference; verify artwork before drawing
workspace-solid,Solid workspace,Selects solid-modeling tools.,Fusion uses a labeled SOLID tab rather than a dedicated solid-workspace glyph.,Common Fusion UI reference; verify artwork before drawing
workspace-sketch,Sketch workspace,Selects sketch creation and constraint tools.,Fusion uses a labeled SKETCH contextual tab rather than a dedicated sketch-workspace glyph.,Common Fusion UI reference; verify artwork before drawing
workspace-drawing,Drawing workspace,Selects technical-drawing tools.,A drawing-sheet symbol accompanies the Drawing workspace entry.,Common Fusion UI reference; verify artwork before drawing
dropdown,Dropdown,Opens a workspace or tool-group menu.,A small downward triangle indicates a menu.,Common Fusion UI reference; verify artwork before drawing
pin,Pin tool,Keeps a command visible in its toolbar group.,A small pushpin indicates toolbar pinning.,Common Fusion UI reference; verify artwork before drawing
unpin,Unpin tool,Removes a command from its pinned toolbar position.,The same pushpin changes state for an unpinned command.,Common Fusion UI reference; verify artwork before drawing
expand,Expand tree,Shows the children of a document-tree item.,A small right-facing triangle indicates a collapsed branch.,Common Fusion UI reference; verify artwork before drawing
collapse,Collapse tree,Hides the children of a document-tree item.,A small downward triangle indicates an expanded branch.,Common Fusion UI reference; verify artwork before drawing
visible,Visible,Shows geometry belonging to a tree item.,An eye indicates visible geometry.,Common Fusion UI reference; verify artwork before drawing
hidden,Hidden,Hides geometry belonging to a tree item.,A crossed-out eye indicates hidden geometry.,Common Fusion UI reference; verify artwork before drawing
tree-design,Design tree root,Identifies the current design in the browser.,A component-like cube marks the design root.,Common Fusion UI reference; verify artwork before drawing
tree-construction,Construction folder,"Groups reference planes, axes and points.",A folder with reference-geometry markings represents construction.,Common Fusion UI reference; verify artwork before drawing
tree-sketches,Sketches folder,Groups the design sketches.,A folder with a small sketch symbol represents sketches.,Common Fusion UI reference; verify artwork before drawing
tree-bodies,Bodies folder,Groups separate solid bodies.,A folder with a small blue body symbol represents bodies.,Common Fusion UI reference; verify artwork before drawing
tree-body,Body,Identifies a separate solid body.,A small shaded blue cube represents a body.,Common Fusion UI reference; verify artwork before drawing
tree-components,Components folder,Groups organizational collections of separate bodies.,A component symbol resembles several small cubes or blocks.,Common Fusion UI reference; verify artwork before drawing
tree-origin,Origin folder,Groups the coordinate-system axes and planes.,A small colored coordinate triad represents the origin.,Common Fusion UI reference; verify artwork before drawing
tree-analysis,Analysis folder,Groups persistent inspection results.,A folder with an analysis symbol groups inspection features.,Common Fusion UI reference; verify artwork before drawing
origin-x,X axis,Identifies the X reference axis.,A thin red axis is labeled X in the view triad.,Common Fusion UI reference; verify artwork before drawing
origin-y,Y axis,Identifies the Y reference axis.,A thin green axis is labeled Y in the view triad.,Common Fusion UI reference; verify artwork before drawing
origin-z,Z axis,Identifies the Z reference axis.,A thin blue axis is labeled Z in the view triad.,Common Fusion UI reference; verify artwork before drawing
home-view,Home view,Restores the default model camera.,A small house sits beside the ViewCube.,Common Fusion UI reference; verify artwork before drawing
perspective,Perspective,Displays distance-dependent perspective projection.,Fusion uses a named Perspective menu option rather than a dedicated toggle glyph.,Common Fusion UI reference; verify artwork before drawing
orthographic,Orthographic,Displays parallel camera projection.,Fusion uses a named Orthographic menu option rather than a dedicated toggle glyph.,Common Fusion UI reference; verify artwork before drawing
fit-view,Fit view,Frames the visible geometry in the viewport.,A magnifying-glass or framing symbol represents Fit in the navigation bar.,Common Fusion UI reference; verify artwork before drawing
grid,Grid,Shows the reference grid.,A small lattice of crossing lines represents the layout grid.,Common Fusion UI reference; verify artwork before drawing
snap-grid,Snap to grid,Snaps sketch placement to grid increments.,Grid snapping appears as a named palette option rather than a unique toolbar icon.,Common Fusion UI reference; verify artwork before drawing
view-options,View options,Opens display and camera settings.,A monitor-shaped display-settings symbol opens visual options.,Common Fusion UI reference; verify artwork before drawing
shaded,Shaded view,Displays shaded model faces.,A small shaded cube illustrates the shaded visual style.,Common Fusion UI reference; verify artwork before drawing
wireframe,Wireframe view,Displays model edges without filled faces.,An outlined cube illustrates wireframe visual style.,Common Fusion UI reference; verify artwork before drawing
shaded-edges,Shaded with edges,Displays shaded faces with visible outlines.,A shaded cube with outlined edges illustrates this visual style.,Common Fusion UI reference; verify artwork before drawing
apply,Apply,Commits the values in a contextual editor.,Fusion usually uses a labeled OK button rather than a universal Apply glyph.,Common Fusion UI reference; verify artwork before drawing
cancel,Cancel,Dismisses a contextual editor without applying pending values.,Fusion usually uses a labeled Cancel button or a small close cross.,Common Fusion UI reference; verify artwork before drawing
delete-constraint,Delete constraint,Removes a selected sketch constraint.,A red cross or Delete command removes the selected constraint.,Common Fusion UI reference; verify artwork before drawing
settings,Settings,Opens local application preferences.,A gear-like preferences symbol represents settings.,Common Fusion UI reference; verify artwork before drawing
warning,Warning,Indicates a feature or solve warning.,A yellow triangle contains an exclamation mark.,Common Fusion UI reference; verify artwork before drawing
error,Error,Indicates a failed construction or invalid value.,A red circular or crossed error badge marks failure.,Common Fusion UI reference; verify artwork before drawing
not-implemented,Not implemented,Marks a feature whose backend is unavailable.,Fusion has no equivalent application-development availability badge.,Common Fusion UI reference; verify artwork before drawing
timeline-marker,Construction marker,Marks the current evaluated construction position.,A narrow vertical end marker sits between timeline features and can be dragged.,Common Fusion UI reference; verify artwork before drawing
view-cube,View cube,Selects camera directions using a three-dimensional orientation cube.,"A labeled cube shows TOP, FRONT and other directions with a nearby axis triad.",Common Fusion UI reference; verify artwork before drawing
